Country,Region,GDP_PC,Gini,Urbanization,Fertility,Suicide,Social_Protection,GDP_PC_Normalized,Gini_Normalized,Urbanization_Normalized,Fertility_Normalized,Suicide_Normalized,Social_Protection_Normalized
Bangladesh,South Asia,4056.6465,32.4,36.243833333333335,2.201166666666667,2.9983333333333335,41.3502877461793,0.16616590306903486,0.06806282722513068,0.3516230835622846,0.18671179338410093,0.05408088965380288,0.45807240708122987
Ecuador,Latin America,10716.904,45.68333333333334,63.762499999999996,2.0953333333333335,8.456666666666667,55.9357276392953,0.6508121786318187,0.5317044793484584,0.8955454970713996,0.16112655626737582,0.2708678096246773,0.6564184418338889
Kenya,Sub-Saharan Africa,3120.4314,38.5,26.8095,3.5661666666666663,5.716666666666666,27.4008933478285,0.0980404347458298,0.28097731239092494,0.1651480112532036,0.5167009146218621,0.16204408552326732,0.268375895602018
Philippines,Southeast Asia,8234.928,43.45,46.817499999999995,2.4501666666666666,3.2416666666666667,41.83057407916885,0.47020648516783237,0.4537521815008727,0.5606177402670987,0.24690761110439574,0.06374528364334414,0.4646037760623831
